{
  "w": [
    0.01871509595217875,
    -0.03277715372818942,
    -0.02013043656067469,
    0.031432300334422625,
    -0.02914940937253514,
    -0.01924700647109121
  ],
  "b": -0.06437594909222653
}